{
  "baseline": {
    "temperature": 1.0,
    "top_p": 1.0,
    "top_k": 20,
    "min_p": 0.0,
    "presence_penalty": 2.0,
    "repetition_penalty": 1.0,
    "max_new_tokens": 512
  },
  "chosen": {
    "generation_config": {
      "temperature": 0.7,
      "top_p": 0.8,
      "top_k": 30,
      "min_p": 0.0,
      "presence_penalty": 2.0,
      "repetition_penalty": 1.0,
      "max_new_tokens": 512
    },
    "examples": 132,
    "time_sec": 136.86215353012085,
    "sec_per_example": 1.0368344964403096,
    "precision_macro": 73.19444444444444,
    "recall_macro": 61.43668831168833,
    "f1_macro": 64.93156674974855,
    "precision_micro": 74.38692098092643,
    "recall_micro": 60.13215859030837,
    "f1_micro": 66.50426309378805
  },
  "all": [
    {
      "generation_config": {
        "temperature": 0.7,
        "top_p": 0.8,
        "top_k": 30,
        "min_p": 0.0,
        "presence_penalty": 2.0,
        "repetition_penalty": 1.0,
        "max_new_tokens": 512
      },
      "examples": 132,
      "time_sec": 136.86215353012085,
      "sec_per_example": 1.0368344964403096,
      "precision_macro": 73.19444444444444,
      "recall_macro": 61.43668831168833,
      "f1_macro": 64.93156674974855,
      "precision_micro": 74.38692098092643,
      "recall_micro": 60.13215859030837,
      "f1_micro": 66.50426309378805
    }
  ]
}