{
  "baseline": {
    "temperature": 1.0,
    "top_p": 1.0,
    "top_k": 20,
    "min_p": 0.0,
    "presence_penalty": 2.0,
    "repetition_penalty": 1.0,
    "max_new_tokens": 512
  },
  "chosen": {
    "generation_config": {
      "temperature": 0.7,
      "top_p": 0.8,
      "top_k": 20,
      "min_p": 0.0,
      "presence_penalty": 2.0,
      "repetition_penalty": 1.0,
      "max_new_tokens": 512
    },
    "examples": 132,
    "time_sec": 137.13093042373657,
    "sec_per_example": 1.0388706850283074,
    "precision_macro": 73.43434343434345,
    "recall_macro": 63.21158008658009,
    "f1_macro": 66.27869605142331,
    "precision_micro": 74.73404255319149,
    "recall_micro": 61.8942731277533,
    "f1_micro": 67.71084337349397
  },
  "all": [
    {
      "generation_config": {
        "temperature": 0.7,
        "top_p": 0.8,
        "top_k": 20,
        "min_p": 0.0,
        "presence_penalty": 2.0,
        "repetition_penalty": 1.0,
        "max_new_tokens": 512
      },
      "examples": 132,
      "time_sec": 137.13093042373657,
      "sec_per_example": 1.0388706850283074,
      "precision_macro": 73.43434343434345,
      "recall_macro": 63.21158008658009,
      "f1_macro": 66.27869605142331,
      "precision_micro": 74.73404255319149,
      "recall_micro": 61.8942731277533,
      "f1_micro": 67.71084337349397
    }
  ]
}